Post non-responsive	Post responsive	Treatment naive
s1	0.32987012987013	0.468213166144201	0.376405255316267
s2	0.446926406926407	0.354169278996865	0.380773398347555
s3	0.187705627705628	0.156112852664577	0.191216307733983
s4	0.0354978354978355	0.0215047021943574	0.0516050386021942
